Repository Name,Release Intervals (days)
hashicorp/vagrant,"[55, 14, 28, 24, 137, 1, 6, 6, 0, 0, 2, 0, 1, 0, 0, 0, 0, 11, 0, 0, 1, 0, 0, 0, 0, 0, 0, 1, 0, 0, 5, 0, 0, 0, 5, 0, 0, 0, 1, 1, 1, 0, 1, 0, 0, 1, 1, 0, 1, 1, 0, 1, 6, 0, 0, 2, 0, 1, 1, 0, 0, 1, 1, 0, 1, 1, 0, 5, 1, 0, 1, 1, 1, 0, 1, 29, 2, 0, 0, 0, 1, 0, 0, 1, 1, 0, 1, 0, 1, 0, 0, 1, 0, 1, 0, 1, 1, 1, 1, 0, 1, 1, 1, 0, 4, 3, 1, 1, 0, 76, 0, 6, 1, 4, 0, 0, 0, 0, 4, 160, 0, 119, 0, 0, 1, 0, 3, 0, 2, 3, 0, 1, 92, 26, 0, 0, 1]"
modernizr/modernizr,"[0, 0, 8, 56, 2, 62, 1021, 402, 274, 15, 223, 103, 12, 50, 19, 8, 13, 131, 59, 109, 0, 26, 127, 181, 902, 0]"
vscodium/vscodium,"[11, 14, 26, 1, 3, 6, 25, 3, 27, 5, 20, 30, 6, 22, 0, 6, 4, 17, 6, 35, 21, 6, 20, 6, 29, 7, 19, 7, 27, 1, 4, 22, 7, 11, 16, 6, 49, 6, 25, 8, 6, 15, 6, 2, 20, 7, 27, 7, 21, 4, 1, 11, 16, 7, 4, 15, 7, 6, 8, 6, 6, 21, 5, 30, 4, 51, 3, 2, 29, 2, 16, 7, 5, 25, 2, 2, 30, 4, 22, 3, 2, 20, 14, 18, 8, 7, 15, 6, 4, 17, 3, 2, 6, 20, 5, 2, 49, 4, 2, 21, 4, 2, 20, 7, 5, 24, 3, 8, 21, 6, 22, 5, 5, 17, 5, 5, 0, 0, 15, 11, 1, 21, 4, 2, 3, 16, 7, 28, 6, 6, 16, 3, 23, 7, 21, 7, 4, 15, 2, 2, 0, 6, 1, 27, 1, 0, 27, 4, 2, 21, 6, 13, 1, 6, 0, 6, 28, 4, 2, 19, 0, 5, 2, 20, 5, 2, 2, 2, 23, 5, 35, 33, 0, 3, 3, 7, 4, 23, 6, 1, 22, 0, 3, 28, 7, 5, 18, 3, 31, 3, 24, 3, 24, 0, 1, 0, 2, 20, 6, 7, 0, 26, 5, 0, 2, 23, 4, 8, 11, 6, 1, 22, 2, 1]"
unslothai/unsloth,"[15, 4, 28, 33, 21, 37, 12, 37, 26, 14, 21]"
vuejs/vue-cli,"[14, 1, 85, 30, 180, 44, 13, 15, 373, 2, 3, 0, 1, 0, 1, 5, 0, 0, 0, 15, 0, 4, 0, 0, 0, 67, 0, 0, 0, 8, 7, 0, 2, 12, 0, 1, 2, 25, 2, 10, 0, 0, 1, 1, 7, 1, 3, 3, 25, 0, 13, 14, 21, 0, 27, 0, 32, 3, 4, 23, 19, 15, 4, 14, 0, 4, 0, 12, 0, 0, 1, 11, 2, 24, 0, 0, 0, 18, 2, 18, 0, 0, 0, 2, 0, 8, 3, 4, 2, 4, 4, 4, 13, 0, 13, 3, 1, 15, 5, 0, 1, 8, 0, 5, 0, 0, 0, 1, 0, 4, 18, 17, 0, 30, 40, 0, 0, 20, 33, 6, 42, 5, 17, 0, 0, 9, 1, 30, 13, 3, 1, 6, 23, 0, 26, 12, 28, 27, 22, 0, 0, 16, 0, 26, 5, 15, 0, 6, 7, 31, 12, 11, 20, 62, 36, 24, 4, 0, 12, 1, 9, 10, 59, 25, 7, 26, 0, 0, 7, 0, 85, 0, 0, 11, 7, 2]"
sequelize/sequelize,"[242, 193, 12, 4, 8, 2, 12, 22, 8, 18, 7, 12, 1, 8, 0, 5, 10, 17, 32, 13, 21, 10, 6, 3, 10, 1, 75, 6, 0, 28, 31, 0, 0, 16, 4, 2, 39, 34, 0, 7, 7, 44, 3, 72, 4, 8, 7, 10, 1, 1, 7, 1, 0, 22, 0, 0, 0, 0, 0, 0, 0, 4, 3, 0, 0, 0, 0, 0, 5, 8, 0, 3, 3, 5, 0, 1, 0, 0, 1, 0, 1, 0, 0, 0, 0, 0, 0, 0, 0, 0, 1, 0, 0, 4, 0, 0, 3, 0, 1, 0, 0, 0, 0, 0, 0, 0, 1, 4, 0, 0, 0, 0, 0, 0, 0, 1, 1, 3, 0, 1, 0, 1, 0, 0, 1, 0, 0, 0, 5, 5, 2, 2, 0, 0, 1, 0, 0, 0, 1, 0, 0, 2, 0, 1, 0, 1, 0, 1, 0, 1, 0, 2, 4, 2, 1, 0, 0, 0, 1, 16, 0, 0, 2, 0, 0, 0, 0, 0, 0, 2, 0, 8, 0, 3, 6, 1, 0, 0, 2, 1, 1, 1, 1, 1, 12, 1, 0, 1, 3, 5, 0, 0, 0, 2, 1, 1, 3, 0, 2, 6, 8, 30, 12, 5, 0, 26, 83, 13, 21, 3, 0, 17, 4, 31, 75, 4, 10, 9, 2, 0, 1, 0, 0, 0, 0, 0, 0, 1, 1, 0, 0, 1, 4, 0, 0, 0, 0, 0, 0, 0, 0, 2, 0, 0, 0, 0, 1, 1, 1, 2, 0, 0, 1, 1, 3, 0, 1, 2, 0, 1, 0, 6, 16, 11, 1, 1, 0, 4, 3, 1, 5, 4, 0, 0, 0, 2, 0, 4, 0, 3, 8, 2, 1, 3, 0, 0, 3, 4, 2, 1, 1, 3, 0, 2, 1, 5, 0, 0, 1, 2, 3, 0, 0, 10, 7, 4, 3, 2, 2, 1, 5, 0, 0, 0, 1, 10, 44, 56, 12, 0, 43, 18, 17, 4, 2, 1, 7, 9, 8, 10, 0, 1, 0, 0, 0, 0, 0, 0, 2, 0, 2, 6, 0, 0, 21, 30, 139, 8, 46, 0, 7, 0, 0, 95, 0, 9, 95, 14, 8, 16, 0, 0, 15, 5, 2, 5, 3, 0, 0, 1, 0, 4, 0, 1, 3, 2, 0, 0, 0, 6, 11, 2, 4, 7, 0, 1, 0, 0, 1, 3, 3, 5, 0, 0, 37, 8, 2, 14, 17, 1, 2, 2, 4, 19, 1, 8, 3, 12, 27, 10, 5, 16, 0, 6, 0, 0, 0, 4, 3, 0, 7, 6, 2, 2, 0, 3, 17, 1, 7, 4, 2, 7, 12, 8, 1, 27, 33, 1, 1, 8, 2, 2, 0, 0, 1, 3, 8, 16, 1, 19, 31, 15, 4, 78, 3, 1, 0, 2, 6, 18, 23, 9, 7, 21, 0, 41, 9, 1, 7, 1, 6, 30, 3, 7, 12, 2, 33, 118, 21, 0, 20, 93, 21, 14]"
nodejs/node,"[47, 0, 0, 0, 1, 0, 0, 8, 0, 0, 12, 0, 0, 0, 0, 23, 0, 0, 0, 0, 0, 11, 19, 0, 2, 21, 19, 13, 0, 0, 0, 0, 21, 0, 0, 0, 0, 0, 0, 1, 0, 0, 0, 6, 0, 49, 0, 0, 0, 0, 12, 0, 0, 6, 0, 0, 0, 7, 14, 13, 14, 14, 0, 0, 21, 4, 9, 20, 12, 9, 0, 13, 4, 15, 0, 0, 0, 0, 0, 1, 10, 0, 0, 7, 0, 0, 0, 22, 11, 0, 1, 15, 18, 1, 9, 12, 6, 8, 7, 4, 5, 1, 7, 14, 0, 6, 6, 22, 5, 20, 7, 6, 0, 8, 0, 0, 4, 6, 8, 21, 5, 10, 0, 9, 1, 0, 0, 13, 13, 2, 11, 14, 0, 0, 0, 0, 19, 0, 1, 11, 15, 0, 0, 5, 7, 0, 14, 0, 7, 14, 12, 0, 3, 2, 6, 6, 1, 0, 5, 14, 6, 7, 0, 0, 14, 12, 0, 20, 1, 0, 6, 12, 15, 12, 1, 5, 0, 0, 6, 13, 0, 1, 8, 4, 1, 5, 0, 8, 6, 5, 0, 0, 7, 0, 14, 6, 1, 4, 12, 0, 0, 0, 10, 11, 0, 7, 6, 0, 0, 7, 5, 0, 0, 0, 7, 14, 12, 1, 6, 0, 0, 0, 13, 13, 7, 7, 14, 12, 7, 8, 0, 0, 4, 0, 0, 8, 15, 0, 0, 4, 8, 0, 0, 6, 7, 5, 0, 6, 3, 12, 5, 10, 3, 0, 0, 7, 0, 0, 5, 14, 20, 0, 0, 15, 0, 24, 0, 0, 0, 7, 13, 0, 6, 1, 12, 14, 1, 5, 1, 0, 0, 0, 4, 13, 2, 11, 7, 6, 1, 12, 0, 15, 0, 0, 14, 21, 0, 0, 6, 13, 20, 8, 14, 15, 0, 0, 5, 13, 1, 4, 7, 7, 2, 0, 0, 2, 6, 15, 13, 0, 1, 22, 0, 18, 8, 0, 14, 0, 0, 0, 4, 0, 14, 6, 0, 14, 12, 2, 5, 14, 12, 23, 12, 0, 0, 14, 13, 2, 19, 0, 0, 26, 3, 10, 0, 10, 11, 3, 0, 3, 6, 0, 21, 7, 7, 1, 4, 14, 21, 5, 7, 22, 0, 0, 21, 2, 17, 0, 7, 0, 0, 7, 0, 0, 14, 7, 5, 1, 6, 5, 7, 14, 8, 11, 6, 0, 0, 8, 1, 4, 13, 14, 0, 11, 14, 15, 12, 0, 7, 4, 13, 1, 7, 0, 12, 6, 9, 18, 0, 13, 0, 0, 0, 9, 10, 0, 2, 6, 6, 14, 0]"
academic/awesome-datascience,"[46, 81, 20, 21, 179, 31, 215, 28, 59, 126]"
vercel/swr,"[1, 0, 4, 1, 0, 2, 5, 6, 14, 12, 1, 9, 48, 9, 0, 35, 50, 1, 21, 47, 20, 12, 19, 3, 2, 23, 10, 2, 15, 32, 1, 17, 21, 10, 28, 1, 3, 6, 44, 50, 13, 21, 17, 5, 1, 3, 1, 1, 0, 4, 8, 3, 3, 6, 4, 4, 1, 6, 14, 8, 0, 9, 12, 0, 2, 4, 10, 4, 8, 3, 2, 14, 14, 7, 16, 51, 1, 5, 28, 33, 8, 8, 69, 23, 50, 2, 11, 39, 7, 1, 27, 10, 15, 10, 8, 13, 1, 28, 23, 0, 2, 1, 0, 2, 33, 31, 0, 28, 0, 143, 44, 6, 48, 7, 205, 43, 0, 29]"
composer/composer,"[0, 0, 0, 0, 0, 0, 187, 334, 128, 213, 109, 24, 8, 13, 2, 8, 0, 10, 6, 14, 31, 1, 14, 55, 57, 23, 5, 4, 12, 14, 20, 39, 0, 1, 67, 81, 1, 1, 32, 80, 0, 0, 17, 0, 15, 0, 1, 26, 71, 20, 81, 10, 3, 9, 76, 32, 57, 0, 0, 12, 57, 62, 52, 90, 73, 20, 10, 24, 3, 26, 0, 0, 0, 25, 27, 0, 21, 0, 21, 17, 0, 36, 0, 0, 1, 32, 0, 1, 9, 0, 0, 1, 2, 2, 0, 6, 0, 6, 20, 0, 0, 54, 0, 26, 0, 35, 0, 26, 0, 24, 11, 0, 0, 3, 2, 42, 0, 27, 25, 0, 19, 0, 24, 3, 7, 20, 8, 1, 12, 0, 6, 1, 8, 12, 0, 13, 20, 18, 0, 0, 4, 9, 0, 0, 0, 2, 0, 5, 5, 0, 0, 42, 7, 4, 0, 24, 0, 4, 0, 7, 0, 7, 26, 3, 0, 25, 30, 12, 53, 2, 43, 0, 5, 0, 4, 0, 33, 63, 0, 16, 83, 0, 2, 11, 14, 0, 0, 6, 63, 61, 0, 1, 31, 39, 2, 10, 1, 36, 0, 72, 12, 28, 1, 25, 18, 23, 0, 41, 34]"
deezer/spleeter,[675]
geekan/metagpt,"[44, 90, 11, 8, 1, 0, 15, 1, 3, 3, 10, 17, 10, 1, 5, 10, 5, 16, 0, 23, 321]"
siyuan-note/siyuan,"[3, 0, 1, 1, 0, 0, 2, 4, 3, 2, 1, 2, 1, 2, 3, 3, 2, 2, 3, 2, 1, 1, 1, 2, 1, 0, 1, 1, 1, 1, 2, 0, 2, 2, 0, 1, 0, 2, 2, 2, 1, 3, 0, 1, 1, 3, 1, 1, 3, 5, 4, 1, 3, 3, 2, 1, 2, 1, 3, 1, 0, 1, 2, 3, 1, 1, 0, 1, 0, 0, 3, 2, 1, 2, 0, 1, 0, 1, 2, 1, 1, 0, 2, 1, 1, 2, 1, 0, 1, 1, 1, 1, 0, 1, 2, 1, 4, 1, 8, 0, 3, 5, 4, 1, 0, 1, 2, 55, 2, 1, 0, 2, 2, 2, 1, 5, 3, 5, 1, 1, 1, 2, 0, 2, 2, 0, 0, 1, 10, 1, 3, 18, 1, 2, 0, 1, 1, 1, 2, 2, 2, 17, 3, 1, 1, 2, 4, 1, 2, 8, 0, 2, 1, 12, 0, 3, 2, 2, 3, 10, 23, 1, 1, 1, 2, 2, 0, 2, 1, 4, 2, 1, 1, 1, 1, 1, 2, 1, 3, 2, 2, 2, 3, 4, 12, 3, 2, 2, 2, 1, 5, 2, 1, 3, 1, 3, 2, 7, 1, 1, 7, 1, 1, 4, 1, 2, 6, 1, 2, 0, 2, 3, 3, 0, 3, 2, 3, 2, 0, 1, 1, 2, 0, 2, 3, 2, 0, 1, 0, 2, 2, 3, 3, 2, 3, 7, 2, 2, 1, 3, 0, 1, 3, 3, 3, 6, 2, 4, 3, 2, 2, 3, 3, 2, 2, 3, 12, 3, 2, 0, 9, 0, 0, 2, 1, 3, 2, 0, 1, 2, 2, 1, 3, 1, 4, 2, 0, 1, 0, 1, 0, 2, 1, 0, 0, 1, 1, 1, 1, 1, 2, 0, 3, 2, 1, 2, 0, 3, 5, 1, 2, 0, 1, 1, 2, 0, 0, 1, 1, 0, 1, 0, 0, 0, 1, 1, 0, 1, 0, 1, 1, 2, 2, 2, 4, 1, 1, 0, 0, 3, 0, 0, 0, 1, 0, 0, 1, 1, 1, 1, 0, 2, 1, 2, 1, 0, 0, 1, 0, 2, 2, 0, 1, 0, 6, 0, 0, 1, 1, 3, 1, 2, 1, 1, 4, 0, 1, 0, 0, 0, 0, 1, 3, 1, 3, 1, 1, 2, 2, 0, 2, 1, 0, 1, 0, 2, 10, 0, 0, 0, 0, 1, 1, 1, 2, 1, 2, 2, 1, 1, 1, 2, 1, 1, 1, 0, 2, 1, 3, 2, 0, 2, 0, 2, 0, 2, 1, 0, 0, 2, 2, 2, 1, 1, 3, 2, 3, 3, 2, 1, 0, 2, 1, 0, 4, 1, 1, 3, 7, 3, 2, 5, 2, 1, 2, 1, 1, 1, 1, 0, 0, 1, 0, 2, 1, 1, 2, 0, 0, 7, 1, 2, 0, 1, 0, 1, 3, 0, 0, 0, 0, 0, 1, 1, 1, 1, 4, 1, 1, 2, 1, 0, 0, 0, 1, 3, 4, 0, 1, 2, 0, 2, 1, 0, 1, 1, 0, 1, 2, 2, 2, 1, 2, 0, 2, 0, 1, 0, 1, 1, 0, 1, 2, 1, 0, 0, 0, 1, 1, 2, 1, 1, 5, 1, 0, 3, 1, 1, 1, 0, 0, 3, 2, 1, 2, 1, 2, 3, 1, 3, 2, 1, 1, 3, 4, 1, 1, 3, 1, 1, 2, 3, 1, 1, 1, 0, 0, 1, 0, 0, 0, 1, 3, 0, 0, 1, 1, 1, 1, 0, 1, 1, 0, 1, 3, 0, 0, 2, 1, 1, 2, 1, 0, 0, 1, 1, 0, 1, 2, 0, 1, 1, 1, 0, 1, 0, 0, 1, 0, 0, 3, 0, 1, 3, 1, 3, 2, 1, 2, 0, 3, 0, 3, 0, 2, 2, 6, 2, 5, 1, 2, 0, 5, 3, 1, 1, 1, 1, 4, 1, 0, 1, 7, 1, 2, 1, 2, 2, 2, 3, 0, 5, 1, 5, 3, 2, 2, 2, 2, 1, 3, 2, 1, 1, 0, 1, 1, 2, 1, 0, 1, 1, 0, 1, 2, 0, 3, 3, 1, 1, 0, 0, 1, 0, 0, 1, 0, 0, 0, 0, 1, 0, 2, 1, 0, 0, 1, 1, 0, 2, 0, 1, 0, 0, 2, 1, 4, 2, 1, 0, 2, 0, 3, 1, 2, 1, 3, 1, 0, 0, 1, 1, 1, 1, 1, 4, 2, 2, 1, 1, 4, 0, 2, 0, 3, 0, 1, 3, 1, 2, 0, 0, 13, 0, 6, 1, 3, 1, 1, 0, 5, 3, 1, 2, 1, 2, 0, 1, 6, 1, 0, 0]"
outline/outline,"[0, 24, 1, 7, 38, 7, 6, 7, 1, 1, 10, 4, 2, 1, 7, 12, 4, 3, 10, 0, 4, 11, 41, 5, 30, 2, 10, 1, 3, 13, 9, 5, 1, 14, 3, 9, 21, 10, 44, 4, 12, 26, 25, 5, 14, 9, 25, 13, 24, 0, 29, 62, 5, 17, 40, 8, 0, 18, 19, 0, 5, 41, 1, 4, 16, 20, 14, 25, 12, 14, 3, 15, 0, 29, 19, 28, 33, 31, 32, 32, 40, 33, 28, 0, 34, 63, 1, 6, 49, 4, 50, 45, 37, 0, 0, 6, 37, 12, 0, 1, 46, 16, 31, 20, 0, 61, 4, 28, 4, 63, 6, 6, 56, 4, 4, 37, 45, 3, 5, 32, 0, 22, 69, 7, 1, 67, 3, 41, 1, 3, 26, 4, 47, 0, 15, 0, 3, 46, 8, 87]"
t3-oss/create-t3-app,"[0, 0, 0, 8, 0, 4, 0, 4, 0, 3, 0, 2, 0, 1, 2, 0, 4, 1, 1, 5, 2, 1, 2, 2, 2, 4, 5, 3, 2, 0, 4, 0, 1, 1, 0, 1, 0, 2, 3, 1, 5, 1, 4, 5, 2, 7, 1, 2, 2, 4, 4, 4, 2, 1, 2, 7, 10, 1, 2, 2, 3, 1, 0, 2, 1, 3, 3, 10, 4, 4, 2, 6, 1, 1, 0, 0, 8, 0, 7, 1, 7, 8, 1, 4, 3, 5, 7, 6, 5, 7, 1, 0, 16, 22, 1, 2, 7, 19, 12, 9, 19, 14, 0, 0, 28, 5, 19, 5, 12, 13, 2, 13, 12, 13, 6, 31, 7, 11, 1, 24, 7, 7, 1, 13, 3, 0, 15, 30, 8, 2, 15, 27, 72, 4]"
fyne-io/fyne,"[31, 71, 57, 46, 47, 11, 2, 11, 35, 32, 41, 53, 33, 32, 86, 16, 19, 25, 20, 38, 27, 29, 97, 46, 31, 45, 80, 19, 82, 4, 18, 132, 44, 50, 35, 4, 39, 34, 87, 37, 76, 51, 61, 90, 42, 50, 61, 53, 34]"
microsoft/cascadia-code,"[15, 48, 1, 171, 3, 45, 56, 20, 8, 140, 17, 85, 48, 64, 45, 44, 868, 119, 90]"
discordjs/discord.js,"[0, 13, 19, 2, 0, 6, 29, 75, 53, 0, 53, 33, 5, 0, 2, 12, 7, 24, 1, 62, 123, 124, 133, 48, 0, 157, 3, 0, 271, 17, 275, 0, 0, 0, 6, 0, 11, 7, 0, 8, 11, 119, 0, 64, 4, 29, 3, 125, 1, 126, 0, 5, 54, 23, 2, 52, 4, 9, 5, 10, 0, 0, 0, 0, 0, 0, 0, 82, 0, 0, 0, 25, 22, 0, 0, 0, 1, 0, 17, 24, 0, 0, 0, 0, 0, 0, 0, 0, 0, 0, 0, 1, 4, 3, 0, 0, 0, 1, 0, 0, 0, 1, 0, 10, 0, 0, 0, 11, 0, 0, 0, 0, 0, 0, 30, 0, 4, 0, 12, 0, 0, 0, 0, 0, 2, 0, 0, 49, 0, 0, 0, 0, 0, 0, 0, 2, 14, 0, 0, 0, 1, 66, 0, 18, 0, 0, 0, 0, 0, 0, 0, 0, 0, 0, 20, 0, 0, 0, 0, 0, 0, 0, 0, 0, 0, 5, 9, 0, 14, 0, 0, 0, 0, 0, 0, 0, 0, 0, 0, 0, 0, 0, 4, 0, 0, 1, 85, 0, 0, 0, 0, 0, 0, 0, 0, 0, 16, 86, 0, 0, 0, 0, 0, 0, 0, 0, 0, 0, 0, 0, 0, 0, 5, 0, 168, 0, 0, 0, 0, 0, 0, 0, 0, 0, 0, 0, 0, 0, 0, 28, 0, 0, 91, 0, 0, 0, 0, 0, 0, 0, 0, 0, 0, 0, 9, 17, 49, 44, 0, 0, 0, 0, 0, 0, 0, 0, 0, 0, 6, 33, 0, 0, 0]"
remy/nodemon,"[0, 3, 3, 0, 1, 4, 23, 0, 5, 8, 108, 6, 63, 87, 23, 0, 48, 424, 0, 0, 7, 0, 1, 0, 0, 0, 4, 0, 1, 0, 6, 0, 0, 2, 5, 2, 1, 1, 21, 14, 3, 8, 0, 14, 17, 35, 17, 48, 0, 2, 3, 42, 57, 10, 21, 13, 3, 56, 58, 22, 24, 100, 25, 16, 35, 1, 19, 119, 35, 152, 6, 78, 173, 1, 8, 1, 0, 75, 25, 21, 170, 55, 0, 12, 72, 167, 20, 107, 0, 145, 46, 36, 92, 3, 5, 16, 89, 1, 1, 83, 0]"
anoma/anoma,"[0, 6, 20, 10, 27, 24, 54]"
bigskysoftware/htmx,"[62, 0, 22, 0, 73, 83, 15, 6, 73, 23, 17, 29, 42, 25, 0, 35, 69, 41, 53, 24, 31, 52, 70]"
refined-github/refined-github,"[0, 6, 7, 6, 7, 6, 6, 7, 6, 1, 5, 7, 6, 6, 5, 10, 5, 2, 4, 6, 2, 7, 6, 9, 8, 9, 3, 6, 3, 5, 6, 8, 7, 4, 6, 10, 8, 7, 1, 8, 13, 6, 9, 14, 10, 6, 14, 12, 7, 12, 14, 13, 3, 6, 7, 6, 7, 7, 13, 8, 10, 9, 20, 7, 14, 11, 9, 9, 13, 0, 14, 9, 9, 31, 32, 0, 0, 5, 6, 3, 9, 12, 6, 15, 17, 5, 5, 4, 6, 1, 7, 0, 1, 13, 10, 15, 24, 47, 4, 5, 8, 9, 18, 10, 10, 5, 10, 10, 4, 9, 9, 2, 14, 21, 16, 9, 20, 13, 9, 3, 14, 27, 1, 11, 8, 8, 15, 24, 23, 5, 40, 12, 8, 53, 7, 4, 0, 6, 3, 6, 9, 13, 6, 3, 9, 7, 6, 3, 22, 9, 9, 3, 9, 3, 8, 4, 2, 9, 10, 6, 0, 10, 26, 9, 23, 8]"
unclecode/crawl4ai,[3.0]
iced-rs/iced,"[81, 129, 12, 225, 125, 397, 190, 27, 37, 35, 53, 106, 201, 7, 208, 1]"
crewaiinc/crewai,"[4, 5, 35, 8, 6, 21, 1, 1, 0, 2, 2, 2, 0, 4, 2, 1, 2, 1, 0, 4, 7, 0, 0, 0, 23, 1, 0, 1, 0, 3, 0, 31, 0, 0, 9, 28, 1, 6, 1, 0, 0, 0, 2, 2, 13, 0, 22, 32, 3, 1, 5, 0, 0, 0, 0, 1, 0, 13, 7, 0, 4, 0, 0, 0, 6, 11, 0, 3, 11, 8, 1, 30, 15, 7, 15, 24]"
foundation/foundation-sites,"[0, 0, 53, 20, 1, 26, 7, 21, 54, 21, 28, 14, 0, 20, 6, 1, 11, 6, 10, 13, 18, 45, 47, 90, 159, 44, 0, 1, 0, 4, 7, 13, 7, 0, 30, 23, 11, 41, 33, 8, 5, 1, 146, 42, 0, 5, 1, 5, 168, 1, 6, 10, 2, 4, 3, 41, 7, 310, 15, 73, 21, 16, 16, 69, 3, 312, 7, 107, 9, 506, 4, 7, 18, 36, 251, 401, 0, 406]"
derailed/k9s,"[4, 0, 1, 10, 0, 0, 2, 3, 0, 1, 1, 0, 1, 6, 1, 0, 3, 0, 5, 3, 0, 0, 2, 2, 0, 0, 1, 1, 1, 0, 1, 5, 6, 8, 2, 0, 1, 3, 0, 0, 2, 15, 5, 0, 1, 3, 0, 0, 3, 6, 7, 0, 0, 0, 20, 7, 21, 2, 1, 14, 0, 36, 0, 12, 12, 61, 0, 0, 0, 0, 0, 0, 0, 0, 0, 0, 1, 1, 0, 2, 1, 9, 0, 0, 1, 1, 1, 0, 7, 3, 4, 1, 1, 0, 0, 5, 0, 5, 1, 3, 1, 1, 1, 4, 2, 10, 0, 9, 2, 9, 11, 6, 14, 2, 4, 5, 0, 0, 5, 1, 0, 27, 0, 0, 19, 0, 8, 0, 0, 39, 0, 4, 0, 3, 41, 0, 0, 0, 3, 2, 0, 0, 0, 0, 3, 11, 2, 10, 104, 5, 2, 0, 3, 29, 4, 16, 38, 1, 1, 6, 29, 101, 0, 0, 0, 3, 2, 0, 2, 7, 10, 1, 1, 0, 0, 7, 3, 0, 181, 0, 2, 16, 16, 1, 0, 48, 0, 4, 21, 100, 4, 0, 11, 84, 183, 4, 0, 25, 0, 16, 0, 0, 0, 0, 1, 0, 5, 0, 5, 0, 0, 0, 0, 1, 5, 0, 19, 8, 15, 2, 0, 0, 14, 86, 148, 6, 91, 0, 0, 0, 1, 0, 19, 0, 1]"
gchq/cyberchef,"[0, 5, 1, 0, 0, 15, 0, 1, 0, 0, 5, 2, 0, 0, 0, 0, 6, 3, 1, 0, 0, 0, 0, 17, 1, 1, 0, 0, 3, 0, 1, 0, 0, 3, 7, 0, 1, 4, 3, 2, 2, 0, 4, 1, 0, 4, 4, 3, 0, 2, 4, 1, 6, 0, 0, 5, 3, 5, 7, 12, 0, 0, 1, 0, 4, 0, 1, 0, 4, 1, 4, 3, 0, 0, 10, 28, 3, 24, 0, 0, 0, 0, 0, 0, 0, 8, 0, 3, 0, 2, 0, 1, 0, 6, 0, 5, 0, 3, 1, 0, 0, 0, 0, 1, 17, 0, 1, 0, 4, 0, 7, 1, 2, 0, 19, 3, 2, 31, 0, 0, 3, 5, 87, 3, 9, 0, 0, 0, 0, 0, 1, 0, 2, 0, 0, 0, 0, 0, 5, 0, 0, 0, 1, 40, 0, 0, 1, 0, 24, 1, 0, 0, 0, 0, 0, 0, 2, 4, 5, 1, 0, 1, 0, 21, 0, 3, 0, 1, 0, 6, 0, 0, 0, 0, 3, 2, 6, 0, 0, 0, 0, 7, 0, 21, 0, 0, 0, 0, 2, 0, 27, 0, 0, 0, 0, 0, 2, 13, 2, 1, 0, 1, 10, 0, 0, 2, 24, 11, 16, 7, 13, 0, 0, 0, 0, 0, 0, 0, 0, 4, 0, 0, 0, 0, 0, 1, 0, 4, 1, 13, 5, 0, 13, 1, 6, 0, 1, 0, 0, 0, 4, 1, 1, 0, 4, 0, 0, 8, 0, 13, 4, 0, 0, 2, 4, 0, 6, 0, 0, 0, 0, 0, 1, 0, 9, 0, 3, 0, 1, 4, 0, 2, 0, 5, 0, 0, 7, 0, 5, 0, 0, 5, 6, 1, 2, 7, 0, 0, 0, 0, 0, 54, 0, 5, 15, 0, 0, 0, 0, 0, 0, 5, 0, 1, 0, 4, 5, 2, 1, 2, 58, 0, 0, 0, 15, 234, 0, 0, 0, 0, 0, 0, 0, 0, 0, 0, 1, 0, 5, 0, 0, 1, 0, 0, 0, 0, 0, 0, 0, 3, 6, 0, 0, 30, 136, 8, 0, 7, 7, 205, 0, 0, 0, 0, 0, 0, 0, 0, 15, 0, 0, 46, 3, 0, 0, 0, 0, 2, 2, 0, 0, 0, 28, 0, 0, 0, 0, 0, 0, 0, 0, 0, 0, 0, 62, 0, 0, 0, 6, 27, 0, 0, 0, 0, 0, 0, 0, 0, 27, 13, 0, 0, 0, 0, 0, 0, 0, 0, 0, 0, 0, 0, 0, 0, 0, 0, 0, 0, 13, 103, 1, 0, 0, 1, 0, 111, 203, 5, 3, 8, 33, 1, 2, 0, 2, 2, 6, 1, 10, 21, 0, 25, 9, 0, 54, 69]"
react-hook-form/react-hook-form,"[0, 0, 0, 0, 0, 0, 0, 2, 1, 0, 0, 0, 0, 0, 1, 1, 0, 0, 0, 0, 0, 4, 0, 2, 4, 1, 1, 8, 0, 1, 0, 0, 0, 0, 3, 0, 1, 0, 0, 2, 0, 3, 1, 0, 1, 4, 2, 0, 0, 0, 2, 0, 0, 1, 0, 0, 0, 3, 1, 0, 0, 0, 3, 0, 1, 1, 0, 1, 0, 0, 0, 1, 1, 3, 3, 0, 1, 0, 0, 1, 0, 0, 0, 1, 2, 0, 1, 1, 2, 0, 0, 0, 4, 3, 0, 3, 0, 0, 0, 0, 0, 1, 1, 0, 0, 0, 0, 0, 0, 0, 0, 0, 0, 2, 1, 2, 0, 0, 0, 3, 0, 0, 1, 1, 0, 0, 1, 2, 0, 5, 1, 2, 4, 0, 0, 3, 0, 3, 0, 3, 1, 1, 3, 0, 6, 0, 0, 0, 0, 4, 7, 4, 5, 1, 0, 0, 3, 0, 4, 3, 7, 0, 4, 2, 2, 0, 0, 1, 0, 2, 0, 3, 0, 1, 2, 3, 0, 1, 0, 1, 6, 0, 1, 0, 0, 0, 2, 2, 0, 0, 2, 1, 0, 0, 0, 0, 4, 0, 0, 0, 0, 0, 2, 2, 0, 0, 3, 0, 3, 0, 1, 2, 0, 5, 2, 5, 0, 0, 3, 1, 6, 0, 6, 0, 0, 0, 0, 5, 0, 6, 0, 6, 6, 0, 7, 0, 1, 4, 1, 1, 0, 3, 6, 4, 1, 3, 0, 0, 6, 12, 5, 7, 4, 11, 2, 4, 2, 0, 3, 0, 1, 2, 6, 1, 0, 1, 4, 4, 2, 1, 2, 3, 4, 1, 0, 0, 2, 2, 3, 1, 5, 0, 3, 4, 3, 3, 0, 6, 3, 0, 9, 1, 2, 3, 7, 1, 5, 7, 0, 2, 4, 1, 4, 1, 3, 9, 3, 15, 8, 9, 15, 0, 17, 2, 1, 11, 2, 0, 3, 3, 2, 0, 2, 2, 4, 5, 3, 0, 0, 0, 2, 2, 0, 1, 1, 0, 3, 0, 1, 0, 0, 2, 0, 0, 0, 0, 2, 1, 3, 2, 0, 2, 0, 0, 2, 1, 3, 0, 1, 0, 1, 1, 2, 1, 0, 0, 0, 0, 5, 0, 2, 0, 0, 2, 3, 0, 0, 0, 0, 0, 1, 13, 2, 7, 4, 7, 3, 3, 0, 7, 1, 3, 1, 0, 6, 3, 1, 3, 1, 0, 4, 2, 1, 2, 7, 5, 2, 2, 1, 3, 3, 0, 4, 0, 5, 7, 2, 2, 3, 1, 3, 0, 0, 0, 6, 0, 0, 6, 0, 3, 6, 4, 0, 1, 2, 1, 2, 3, 1, 0, 5, 8, 5, 1, 4, 1, 1, 3, 3, 0, 6, 3, 3, 8, 7, 14, 7, 9, 18, 23, 0, 10, 6, 13, 4, 3, 6, 7, 8, 18, 15, 2, 10, 14, 10, 3, 5, 7, 11, 14, 0, 7, 1, 3, 2, 4, 2, 3, 1, 1, 17, 7, 4, 2, 1, 2, 0, 9, 1, 3, 11, 8, 1, 7, 5, 7, 0, 4, 4, 6, 0, 6, 5, 15, 7, 14, 13, 6, 0, 1, 3, 9, 7, 0, 8, 19, 18, 0, 7, 21, 1, 16, 10, 33, 0, 0, 34, 3, 0, 26, 23, 5, 24, 15, 9, 16, 22, 17, 25, 16, 31, 20, 55, 20, 28, 6, 7, 3, 3, 21, 7, 13, 14, 10, 2, 6]"
duckdb/duckdb,"[89, 103, 28, 28, 33, 29, 24, 21, 33, 36, 64, 32, 60, 36, 58, 36, 49, 35, 30, 40, 83, 63, 13, 55, 76, 14, 55, 21, 68, 14, 78, 26, 105, 15, 33, 91, 34, 29, 34, 11, 97, 14, 20, 21, 92, 28]"
fastapi/full-stack-fastapi-template,"[18, 13, 7, 40, 326, 1423, 142, 55, 144]"
google/material-design-lite,"[17, 5, 20, 1, 40, 34, 91, 1, 30, 12, 147, 27, 103]"
mpv-player/mpv,"[4, 7, 4, 6, 8, 6, 6, 25, 4, 13, 5, 23, 27, 3, 4, 9, 16, 11, 26, 19, 18, 12, 24, 20, 11, 15, 14, 16, 14, 14, 0, 13, 6, 11, 12, 32, 6, 17, 37, 21, 8, 0, 18, 39, 3, 19, 107, 19, 36, 12, 31, 37, 41, 42, 74, 14, 36, 11, 54, 31, 34, 48, 69, 86, 56, 102, 47, 0, 3, 0, 158, 72, 387, 63, 29, 300, 133, 209, 63, 312, 77, 176, 121, 148, 158]"
pmndrs/react-spring,"[12, 22, 105, 775, 16, 4, 0, 9, 6, 0, 11, 0, 0, 7, 0, 9, 0, 1, 10, 1, 34, 81, 3, 3, 44, 28, 12, 2, 7, 56, 0, 27, 7, 19, 70, 8, 1, 64, 0, 0, 0, 77, 4, 68, 3, 38, 79, 391, 77]"
rxhanson/rectangle,"[1, 25, 1, 30, 4, 7, 19, 12, 6, 6, 6, 18, 3, 8, 9, 10, 14, 10, 1, 0, 0, 17, 9, 0, 32, 18, 7, 3, 13, 14, 5, 0, 9, 32, 65, 24, 8, 5, 7, 13, 15, 18, 2, 21, 22, 23, 25, 31, 34, 28, 22, 104, 82, 39, 11, 0, 58, 0, 1, 59, 57, 13, 36, 12, 16, 3, 20, 43, 31, 17, 38, 53, 58, 40, 8, 2, 33, 33, 79, 67, 7, 28, 47, 28, 27, 38, 27, 76]"
opendatalab/mineru,"[0, 0, 0, 1, 1, 6, 0, 0, 0, 0, 0, 0, 0, 0, 2, 0, 1, 1, 0, 0, 0, 0, 0, 0, 0, 0, 0, 0, 1, 0, 0, 1, 0, 0, 0, 0, 0, 0, 1, 0, 0, 0, 0, 32, 10, 13, 0, 2, 1, 2, 4, 0, 0, 0, 1, 5, 1, 1, 3, 0, 1, 0, 0, 0, 0, 5, 1, 1, 9, 4, 1, 17, 9, 23, 7, 2, 26, 23, 4, 0, 9, 6, 2, 2, 1, 0, 2, 9, 29, 12, 34, 4, 1]"
simonbengtsson/jspdf-autotable,"[0, 161, 143, 253, 77, 6, 50, 19, 13, 13, 68, 0, 2, 5, 126, 365, 4, 90, 61, 33, 35, 0, 16, 7, 3, 0, 0, 30, 18, 12, 97, 2, 20, 4, 0, 4, 0, 53, 12, 5, 5, 16, 89, 0, 34, 4, 9, 7, 0, 1, 1, 14, 1, 1, 45, 9, 49, 20, 6, 293, 52, 64, 1, 213, 8, 179, 0, 171, 53, 0, 41, 47, 21, 33, 5, 63, 199, 46, 133, 0]"
ossrs/srs,"[0, 0, 385, 24, 77, 159, 237, 56, 153, 105, 21, 62, 111, 4, 59, 7, 42, 107, 18, 14, 10, 7, 9, 4, 5, 2, 4, 31, 89, 13, 55, 22, 66, 3, 6, 16, 12, 2, 40, 38, 0, 51, 0, 27, 0, 29, 0, 23, 0, 28, 0, 28, 0, 27, 25, 0, 40, 47, 0, 47, 73, 0, 18, 22, 36]"
isocpp/cppcoreguidelines,"[0, 0, 76]"
numpy/numpy,"[31, 0, 12, 13, 50, 11, 53, 7, 19, 29, 83, 1, 74, 24, 45, 19, 46, 39, 6, 8, 18, 13, 29, 32, 0, 29, 12, 45, 15, 9, 17, 25, 54, 36, 33, 15, 10, 31, 1, 9, 40, 24, 24, 16, 7, 2, 5, 70, 33, 13, 15, 13, 3, 16, 31, 50, 48, 4, 31, 21, 11, 25, 8, 48, 43, 14, 15, 13, 26, 28, 66, 15, 18, 17, 7, 1, 11, 13, 20, 31, 35, 38, 6, 3, 11, 11, 16, 36, 26, 32, 38, 4, 10, 14, 7, 41, 76, 55, 8, 12, 22, 13, 23, 9, 27, 29, 50, 34, 35, 18, 42, 34, 34, 21, 7, 7, 7, 32, 27, 23, 11, 13, 28, 25]"
vuejs/vuex,"[2, 0, 2, 1, 0, 46, 58, 1, 0, 4, 3, 3, 0, 6, 24, 9, 40, 6, 76, 0, 51, 19, 45, 138, 29, 13, 0, 22, 439, 111, 185, 119, 5, 34, 5, 0, 16, 0, 48, 0, 0, 0, 122, 26, 0, 61, 0, 7, 111, 24]"
